reg_no,course_code
PU26CSE001,MAT101
PU26CSE001,PHY101
PU26CSE001,CHY101
PU26CSE001,PRG101
PU26CSE001,ENG101
PU26CSE001,CSE101
PU25CSE002,MAT301
PU25CSE002,CS301
PU25CSE002,CS302
PU25CSE002,CSE301
PU25CSE002,OE306
PU24CSE003,HSS501
PU24CSE003,CS501
PU24CSE003,CS502
PU24CSE003,CSE501
PU24CSE003,OE501
PU23CSE004,MGT701
PU23CSE004,CS701
PU23CSE004,CS702
PU23CSE004,CSE701
PU23CSE004,OE706
PU26CSE005,MAT101
PU26CSE005,PHY101
PU26CSE005,CHY101
PU26CSE005,PRG101
PU26CSE005,ENG101
PU26CSE005,CSE101
PU25CSE006,MAT301
PU25CSE006,CS301
PU25CSE006,CS302
PU25CSE006,CSE301
PU25CSE006,OE305
PU24CSE007,HSS501
PU24CSE007,CS501
PU24CSE007,CS502
PU24CSE007,CSE501
PU24CSE007,OE503
PU23CSE008,MGT701
PU23CSE008,CS701
PU23CSE008,CS702
PU23CSE008,CSE701
PU23CSE008,OE703
PU26CSE009,MAT101
PU26CSE009,PHY101
PU26CSE009,CHY101
PU26CSE009,PRG101
PU26CSE009,ENG101
PU26CSE009,CSE101
PU25CSE010,MAT301
PU25CSE010,CS301
PU25CSE010,CS302
PU25CSE010,CSE301
PU25CSE010,OE301
PU24CSE011,HSS501
PU24CSE011,CS501
PU24CSE011,CS502
PU24CSE011,CSE501
PU24CSE011,OE501
PU23CSE012,MGT701
PU23CSE012,CS701
PU23CSE012,CS702
PU23CSE012,CSE701
PU23CSE012,OE703
PU26CSE013,MAT101
PU26CSE013,PHY101
PU26CSE013,CHY101
PU26CSE013,PRG101
PU26CSE013,ENG101
PU26CSE013,CSE101
PU25CSE014,MAT301
PU25CSE014,CS301
PU25CSE014,CS302
PU25CSE014,CSE301
PU25CSE014,OE301
PU24CSE015,HSS501
PU24CSE015,CS501
PU24CSE015,CS502
PU24CSE015,CSE501
PU24CSE015,OE502
PU23CSE016,MGT701
PU23CSE016,CS701
PU23CSE016,CS702
PU23CSE016,CSE701
PU23CSE016,OE706
PU26CSE017,MAT101
PU26CSE017,PHY101
PU26CSE017,CHY101
PU26CSE017,PRG101
PU26CSE017,ENG101
PU26CSE017,CSE101
PU25CSE018,MAT301
PU25CSE018,CS301
PU25CSE018,CS302
PU25CSE018,CSE301
PU25CSE018,OE303
PU24CSE019,HSS501
PU24CSE019,CS501
PU24CSE019,CS502
PU24CSE019,CSE501
PU24CSE019,OE501
PU23CSE020,MGT701
PU23CSE020,CS701
PU23CSE020,CS702
PU23CSE020,CSE701
PU23CSE020,OE706
PU26CSE021,MAT101
PU26CSE021,PHY101
PU26CSE021,CHY101
PU26CSE021,PRG101
PU26CSE021,ENG101
PU26CSE021,CSE101
PU25CSE022,MAT301
PU25CSE022,CS301
PU25CSE022,CS302
PU25CSE022,CSE301
PU25CSE022,OE303
PU24CSE023,HSS501
PU24CSE023,CS501
PU24CSE023,CS502
PU24CSE023,CSE501
PU24CSE023,OE503
PU23CSE024,MGT701
PU23CSE024,CS701
PU23CSE024,CS702
PU23CSE024,CSE701
PU23CSE024,OE702
PU26CSE025,MAT101
PU26CSE025,PHY101
PU26CSE025,CHY101
PU26CSE025,PRG101
PU26CSE025,ENG101
PU26CSE025,CSE101
PU26AIML001,MAT101
PU26AIML001,PHY101
PU26AIML001,CHY101
PU26AIML001,PRG101
PU26AIML001,ENG101
PU26AIML001,AIML101
PU25AIML002,MAT301
PU25AIML002,CS301
PU25AIML002,CS302
PU25AIML002,AIML301
PU25AIML002,OE306
PU24AIML003,HSS501
PU24AIML003,CS501
PU24AIML003,CS502
PU24AIML003,AIML501
PU24AIML003,OE504
PU23AIML004,MGT701
PU23AIML004,CS701
PU23AIML004,CS702
PU23AIML004,AIML701
PU23AIML004,OE704
PU26AIML005,MAT101
PU26AIML005,PHY101
PU26AIML005,CHY101
PU26AIML005,PRG101
PU26AIML005,ENG101
PU26AIML005,AIML101
PU25AIML006,MAT301
PU25AIML006,CS301
PU25AIML006,CS302
PU25AIML006,AIML301
PU25AIML006,OE302
PU24AIML007,HSS501
PU24AIML007,CS501
PU24AIML007,CS502
PU24AIML007,AIML501
PU24AIML007,OE506
PU23AIML008,MGT701
PU23AIML008,CS701
PU23AIML008,CS702
PU23AIML008,AIML701
PU23AIML008,OE702
PU26AIML009,MAT101
PU26AIML009,PHY101
PU26AIML009,CHY101
PU26AIML009,PRG101
PU26AIML009,ENG101
PU26AIML009,AIML101
PU25AIML010,MAT301
PU25AIML010,CS301
PU25AIML010,CS302
PU25AIML010,AIML301
PU25AIML010,OE304
PU24AIML011,HSS501
PU24AIML011,CS501
PU24AIML011,CS502
PU24AIML011,AIML501
PU24AIML011,OE506
PU23AIML012,MGT701
PU23AIML012,CS701
PU23AIML012,CS702
PU23AIML012,AIML701
PU23AIML012,OE705
PU23AIML012,HSS501
PU26AIML013,MAT101
PU26AIML013,PHY101
PU26AIML013,CHY101
PU26AIML013,PRG101
PU26AIML013,ENG101
PU26AIML013,AIML101
PU25AIML014,MAT301
PU25AIML014,CS301
PU25AIML014,CS302
PU25AIML014,AIML301
PU25AIML014,OE303
PU24AIML015,HSS501
PU24AIML015,CS501
PU24AIML015,CS502
PU24AIML015,AIML501
PU24AIML015,OE501
PU23AIML016,MGT701
PU23AIML016,CS701
PU23AIML016,CS702
PU23AIML016,AIML701
PU23AIML016,OE704
PU26AIML017,MAT101
PU26AIML017,PHY101
PU26AIML017,CHY101
PU26AIML017,PRG101
PU26AIML017,ENG101
PU26AIML017,AIML101
PU25AIML018,MAT301
PU25AIML018,CS301
PU25AIML018,CS302
PU25AIML018,AIML301
PU25AIML018,OE306
PU24AIML019,HSS501
PU24AIML019,CS501
PU24AIML019,CS502
PU24AIML019,AIML501
PU24AIML019,OE502
PU23AIML020,MGT701
PU23AIML020,CS701
PU23AIML020,CS702
PU23AIML020,AIML701
PU23AIML020,OE702
PU26AIML021,MAT101
PU26AIML021,PHY101
PU26AIML021,CHY101
PU26AIML021,PRG101
PU26AIML021,ENG101
PU26AIML021,AIML101
PU25AIML022,MAT301
PU25AIML022,CS301
PU25AIML022,CS302
PU25AIML022,AIML301
PU25AIML022,OE306
PU24AIML023,HSS501
PU24AIML023,CS501
PU24AIML023,CS502
PU24AIML023,AIML501
PU24AIML023,OE506
PU23AIML024,MGT701
PU23AIML024,CS701
PU23AIML024,CS702
PU23AIML024,AIML701
PU23AIML024,OE703
PU26AIML025,MAT101
PU26AIML025,PHY101
PU26AIML025,CHY101
PU26AIML025,PRG101
PU26AIML025,ENG101
PU26AIML025,AIML101
PU26CSDS001,MAT101
PU26CSDS001,PHY101
PU26CSDS001,CHY101
PU26CSDS001,PRG101
PU26CSDS001,ENG101
PU26CSDS001,CSDS101
PU25CSDS002,MAT301
PU25CSDS002,CS301
PU25CSDS002,CS302
PU25CSDS002,CSDS301
PU25CSDS002,OE306
PU24CSDS003,HSS501
PU24CSDS003,CS501
PU24CSDS003,CS502
PU24CSDS003,CSDS501
PU24CSDS003,OE505
PU23CSDS004,MGT701
PU23CSDS004,CS701
PU23CSDS004,CS702
PU23CSDS004,CSDS701
PU23CSDS004,OE701
PU26CSDS005,MAT101
PU26CSDS005,PHY101
PU26CSDS005,CHY101
PU26CSDS005,PRG101
PU26CSDS005,ENG101
PU26CSDS005,CSDS101
PU25CSDS006,MAT301
PU25CSDS006,CS301
PU25CSDS006,CS302
PU25CSDS006,CSDS301
PU25CSDS006,OE301
PU24CSDS007,HSS501
PU24CSDS007,CS501
PU24CSDS007,CS502
PU24CSDS007,CSDS501
PU24CSDS007,OE505
PU23CSDS008,MGT701
PU23CSDS008,CS701
PU23CSDS008,CS702
PU23CSDS008,CSDS701
PU23CSDS008,OE705
PU26CSDS009,MAT101
PU26CSDS009,PHY101
PU26CSDS009,CHY101
PU26CSDS009,PRG101
PU26CSDS009,ENG101
PU26CSDS009,CSDS101
PU25CSDS010,MAT301
PU25CSDS010,CS301
PU25CSDS010,CS302
PU25CSDS010,CSDS301
PU25CSDS010,OE303
PU24CSDS011,HSS501
PU24CSDS011,CS501
PU24CSDS011,CS502
PU24CSDS011,CSDS501
PU24CSDS011,OE506
PU23CSDS012,MGT701
PU23CSDS012,CS701
PU23CSDS012,CS702
PU23CSDS012,CSDS701
PU23CSDS012,OE703
PU26CSDS013,MAT101
PU26CSDS013,PHY101
PU26CSDS013,CHY101
PU26CSDS013,PRG101
PU26CSDS013,ENG101
PU26CSDS013,CSDS101
PU25CSDS014,MAT301
PU25CSDS014,CS301
PU25CSDS014,CS302
PU25CSDS014,CSDS301
PU25CSDS014,OE306
PU24CSDS015,HSS501
PU24CSDS015,CS501
PU24CSDS015,CS502
PU24CSDS015,CSDS501
PU24CSDS015,OE506
PU23CSDS016,MGT701
PU23CSDS016,CS701
PU23CSDS016,CS702
PU23CSDS016,CSDS701
PU23CSDS016,OE705
PU26CSDS017,MAT101
PU26CSDS017,PHY101
PU26CSDS017,CHY101
PU26CSDS017,PRG101
PU26CSDS017,ENG101
PU26CSDS017,CSDS101
PU25CSDS018,MAT301
PU25CSDS018,CS301
PU25CSDS018,CS302
PU25CSDS018,CSDS301
PU25CSDS018,OE305
PU24CSDS019,HSS501
PU24CSDS019,CS501
PU24CSDS019,CS502
PU24CSDS019,CSDS501
PU24CSDS019,OE505
PU23CSDS020,MGT701
PU23CSDS020,CS701
PU23CSDS020,CS702
PU23CSDS020,CSDS701
PU23CSDS020,OE703
PU26CSDS021,MAT101
PU26CSDS021,PHY101
PU26CSDS021,CHY101
PU26CSDS021,PRG101
PU26CSDS021,ENG101
PU26CSDS021,CSDS101
PU25CSDS022,MAT301
PU25CSDS022,CS301
PU25CSDS022,CS302
PU25CSDS022,CSDS301
PU25CSDS022,OE305
PU24CSDS023,HSS501
PU24CSDS023,CS501
PU24CSDS023,CS502
PU24CSDS023,CSDS501
PU24CSDS023,OE503
PU23CSDS024,MGT701
PU23CSDS024,CS701
PU23CSDS024,CS702
PU23CSDS024,CSDS701
PU23CSDS024,OE704
PU26CSDS025,MAT101
PU26CSDS025,PHY101
PU26CSDS025,CHY101
PU26CSDS025,PRG101
PU26CSDS025,ENG101
PU26CSDS025,CSDS101
PU26CSCY001,MAT101
PU26CSCY001,PHY101
PU26CSCY001,CHY101
PU26CSCY001,PRG101
PU26CSCY001,ENG101
PU26CSCY001,CSCY101
PU25CSCY002,MAT301
PU25CSCY002,CS301
PU25CSCY002,CS302
PU25CSCY002,CSCY301
PU25CSCY002,OE301
PU24CSCY003,HSS501
PU24CSCY003,CS501
PU24CSCY003,CS502
PU24CSCY003,CSCY501
PU24CSCY003,OE506
PU23CSCY004,MGT701
PU23CSCY004,CS701
PU23CSCY004,CS702
PU23CSCY004,CSCY701
PU23CSCY004,OE703
PU26CSCY005,MAT101
PU26CSCY005,PHY101
PU26CSCY005,CHY101
PU26CSCY005,PRG101
PU26CSCY005,ENG101
PU26CSCY005,CSCY101
PU25CSCY006,MAT301
PU25CSCY006,CS301
PU25CSCY006,CS302
PU25CSCY006,CSCY301
PU25CSCY006,OE303
PU24CSCY007,HSS501
PU24CSCY007,CS501
PU24CSCY007,CS502
PU24CSCY007,CSCY501
PU24CSCY007,OE502
PU23CSCY008,MGT701
PU23CSCY008,CS701
PU23CSCY008,CS702
PU23CSCY008,CSCY701
PU23CSCY008,OE703
PU26CSCY009,MAT101
PU26CSCY009,PHY101
PU26CSCY009,CHY101
PU26CSCY009,PRG101
PU26CSCY009,ENG101
PU26CSCY009,CSCY101
PU25CSCY010,MAT301
PU25CSCY010,CS301
PU25CSCY010,CS302
PU25CSCY010,CSCY301
PU25CSCY010,OE302
PU24CSCY011,HSS501
PU24CSCY011,CS501
PU24CSCY011,CS502
PU24CSCY011,CSCY501
PU24CSCY011,OE506
PU23CSCY012,MGT701
PU23CSCY012,CS701
PU23CSCY012,CS702
PU23CSCY012,CSCY701
PU23CSCY012,OE704
PU26CSCY013,MAT101
PU26CSCY013,PHY101
PU26CSCY013,CHY101
PU26CSCY013,PRG101
PU26CSCY013,ENG101
PU26CSCY013,CSCY101
PU25CSCY014,MAT301
PU25CSCY014,CS301
PU25CSCY014,CS302
PU25CSCY014,CSCY301
PU25CSCY014,OE304
PU24CSCY015,HSS501
PU24CSCY015,CS501
PU24CSCY015,CS502
PU24CSCY015,CSCY501
PU24CSCY015,OE504
PU23CSCY016,MGT701
PU23CSCY016,CS701
PU23CSCY016,CS702
PU23CSCY016,CSCY701
PU23CSCY016,OE703
PU26CSCY017,MAT101
PU26CSCY017,PHY101
PU26CSCY017,CHY101
PU26CSCY017,PRG101
PU26CSCY017,ENG101
PU26CSCY017,CSCY101
PU25CSCY018,MAT301
PU25CSCY018,CS301
PU25CSCY018,CS302
PU25CSCY018,CSCY301
PU25CSCY018,OE305
PU24CSCY019,HSS501
PU24CSCY019,CS501
PU24CSCY019,CS502
PU24CSCY019,CSCY501
PU24CSCY019,OE502
PU23CSCY020,MGT701
PU23CSCY020,CS701
PU23CSCY020,CS702
PU23CSCY020,CSCY701
PU23CSCY020,OE703
PU26CSCY021,MAT101
PU26CSCY021,PHY101
PU26CSCY021,CHY101
PU26CSCY021,PRG101
PU26CSCY021,ENG101
PU26CSCY021,CSCY101
PU25CSCY022,MAT301
PU25CSCY022,CS301
PU25CSCY022,CS302
PU25CSCY022,CSCY301
PU25CSCY022,OE305
PU24CSCY023,HSS501
PU24CSCY023,CS501
PU24CSCY023,CS502
PU24CSCY023,CSCY501
PU24CSCY023,OE503
PU23CSCY024,MGT701
PU23CSCY024,CS701
PU23CSCY024,CS702
PU23CSCY024,CSCY701
PU23CSCY024,OE706
PU26CSCY025,MAT101
PU26CSCY025,PHY101
PU26CSCY025,CHY101
PU26CSCY025,PRG101
PU26CSCY025,ENG101
PU26CSCY025,CSCY101
PU26CSCC001,MAT101
PU26CSCC001,PHY101
PU26CSCC001,CHY101
PU26CSCC001,PRG101
PU26CSCC001,ENG101
PU26CSCC001,CSCC101
PU25CSCC002,MAT301
PU25CSCC002,CS301
PU25CSCC002,CS302
PU25CSCC002,CSCC301
PU25CSCC002,OE306
PU24CSCC003,HSS501
PU24CSCC003,CS501
PU24CSCC003,CS502
PU24CSCC003,CSCC501
PU24CSCC003,OE506
PU23CSCC004,MGT701
PU23CSCC004,CS701
PU23CSCC004,CS702
PU23CSCC004,CSCC701
PU23CSCC004,OE706
PU26CSCC005,MAT101
PU26CSCC005,PHY101
PU26CSCC005,CHY101
PU26CSCC005,PRG101
PU26CSCC005,ENG101
PU26CSCC005,CSCC101
PU25CSCC006,MAT301
PU25CSCC006,CS301
PU25CSCC006,CS302
PU25CSCC006,CSCC301
PU25CSCC006,OE304
PU24CSCC007,HSS501
PU24CSCC007,CS501
PU24CSCC007,CS502
PU24CSCC007,CSCC501
PU24CSCC007,OE504
PU23CSCC008,MGT701
PU23CSCC008,CS701
PU23CSCC008,CS702
PU23CSCC008,CSCC701
PU23CSCC008,OE706
PU26CSCC009,MAT101
PU26CSCC009,PHY101
PU26CSCC009,CHY101
PU26CSCC009,PRG101
PU26CSCC009,ENG101
PU26CSCC009,CSCC101
PU25CSCC010,MAT301
PU25CSCC010,CS301
PU25CSCC010,CS302
PU25CSCC010,CSCC301
PU25CSCC010,OE302
PU24CSCC011,HSS501
PU24CSCC011,CS501
PU24CSCC011,CS502
PU24CSCC011,CSCC501
PU24CSCC011,OE505
PU23CSCC012,MGT701
PU23CSCC012,CS701
PU23CSCC012,CS702
PU23CSCC012,CSCC701
PU23CSCC012,OE706
PU26CSCC013,MAT101
PU26CSCC013,PHY101
PU26CSCC013,CHY101
PU26CSCC013,PRG101
PU26CSCC013,ENG101
PU26CSCC013,CSCC101
PU25CSCC014,MAT301
PU25CSCC014,CS301
PU25CSCC014,CS302
PU25CSCC014,CSCC301
PU25CSCC014,OE303
PU24CSCC015,HSS501
PU24CSCC015,CS501
PU24CSCC015,CS502
PU24CSCC015,CSCC501
PU24CSCC015,OE505
PU23CSCC016,MGT701
PU23CSCC016,CS701
PU23CSCC016,CS702
PU23CSCC016,CSCC701
PU23CSCC016,OE701
PU26CSCC017,MAT101
PU26CSCC017,PHY101
PU26CSCC017,CHY101
PU26CSCC017,PRG101
PU26CSCC017,ENG101
PU26CSCC017,CSCC101
PU25CSCC018,MAT301
PU25CSCC018,CS301
PU25CSCC018,CS302
PU25CSCC018,CSCC301
PU25CSCC018,OE305
PU24CSCC019,HSS501
PU24CSCC019,CS501
PU24CSCC019,CS502
PU24CSCC019,CSCC501
PU24CSCC019,OE504
PU23CSCC020,MGT701
PU23CSCC020,CS701
PU23CSCC020,CS702
PU23CSCC020,CSCC701
PU23CSCC020,OE702
PU26CSCC021,MAT101
PU26CSCC021,PHY101
PU26CSCC021,CHY101
PU26CSCC021,PRG101
PU26CSCC021,ENG101
PU26CSCC021,CSCC101
PU25CSCC022,MAT301
PU25CSCC022,CS301
PU25CSCC022,CS302
PU25CSCC022,CSCC301
PU25CSCC022,OE303
PU24CSCC023,HSS501
PU24CSCC023,CS501
PU24CSCC023,CS502
PU24CSCC023,CSCC501
PU24CSCC023,OE503
PU23CSCC024,MGT701
PU23CSCC024,CS701
PU23CSCC024,CS702
PU23CSCC024,CSCC701
PU23CSCC024,OE701
PU26CSCC025,MAT101
PU26CSCC025,PHY101
PU26CSCC025,CHY101
PU26CSCC025,PRG101
PU26CSCC025,ENG101
PU26CSCC025,CSCC101
PU26ISE001,MAT101
PU26ISE001,PHY101
PU26ISE001,CHY101
PU26ISE001,PRG101
PU26ISE001,ENG101
PU26ISE001,ISE101
PU25ISE002,MAT301
PU25ISE002,CS301
PU25ISE002,CS302
PU25ISE002,ISE301
PU25ISE002,OE302
PU24ISE003,HSS501
PU24ISE003,CS501
PU24ISE003,CS502
PU24ISE003,ISE501
PU24ISE003,OE503
PU23ISE004,MGT701
PU23ISE004,CS701
PU23ISE004,CS702
PU23ISE004,ISE701
PU23ISE004,OE701
PU26ISE005,MAT101
PU26ISE005,PHY101
PU26ISE005,CHY101
PU26ISE005,PRG101
PU26ISE005,ENG101
PU26ISE005,ISE101
PU25ISE006,MAT301
PU25ISE006,CS301
PU25ISE006,CS302
PU25ISE006,ISE301
PU25ISE006,OE303
PU24ISE007,HSS501
PU24ISE007,CS501
PU24ISE007,CS502
PU24ISE007,ISE501
PU24ISE007,OE505
PU23ISE008,MGT701
PU23ISE008,CS701
PU23ISE008,CS702
PU23ISE008,ISE701
PU23ISE008,OE704
PU26ISE009,MAT101
PU26ISE009,PHY101
PU26ISE009,CHY101
PU26ISE009,PRG101
PU26ISE009,ENG101
PU26ISE009,ISE101
PU25ISE010,MAT301
PU25ISE010,CS301
PU25ISE010,CS302
PU25ISE010,ISE301
PU25ISE010,OE305
PU24ISE011,HSS501
PU24ISE011,CS501
PU24ISE011,CS502
PU24ISE011,ISE501
PU24ISE011,OE505
PU23ISE012,MGT701
PU23ISE012,CS701
PU23ISE012,CS702
PU23ISE012,ISE701
PU23ISE012,OE705
PU26ISE013,MAT101
PU26ISE013,PHY101
PU26ISE013,CHY101
PU26ISE013,PRG101
PU26ISE013,ENG101
PU26ISE013,ISE101
PU25ISE014,MAT301
PU25ISE014,CS301
PU25ISE014,CS302
PU25ISE014,ISE301
PU25ISE014,OE304
PU24ISE015,HSS501
PU24ISE015,CS501
PU24ISE015,CS502
PU24ISE015,ISE501
PU24ISE015,OE505
PU23ISE016,MGT701
PU23ISE016,CS701
PU23ISE016,CS702
PU23ISE016,ISE701
PU23ISE016,OE706
PU26ISE017,MAT101
PU26ISE017,PHY101
PU26ISE017,CHY101
PU26ISE017,PRG101
PU26ISE017,ENG101
PU26ISE017,ISE101
PU25ISE018,MAT301
PU25ISE018,CS301
PU25ISE018,CS302
PU25ISE018,ISE301
PU25ISE018,OE305
PU24ISE019,HSS501
PU24ISE019,CS501
PU24ISE019,CS502
PU24ISE019,ISE501
PU24ISE019,OE502
PU23ISE020,MGT701
PU23ISE020,CS701
PU23ISE020,CS702
PU23ISE020,ISE701
PU23ISE020,OE706
PU26ISE021,MAT101
PU26ISE021,PHY101
PU26ISE021,CHY101
PU26ISE021,PRG101
PU26ISE021,ENG101
PU26ISE021,ISE101
PU25ISE022,MAT301
PU25ISE022,CS301
PU25ISE022,CS302
PU25ISE022,ISE301
PU25ISE022,OE303
PU24ISE023,HSS501
PU24ISE023,CS501
PU24ISE023,CS502
PU24ISE023,ISE501
PU24ISE023,OE502
PU23ISE024,MGT701
PU23ISE024,CS701
PU23ISE024,CS702
PU23ISE024,ISE701
PU23ISE024,OE702
PU26ISE025,MAT101
PU26ISE025,PHY101
PU26ISE025,CHY101
PU26ISE025,PRG101
PU26ISE025,ENG101
PU26ISE025,ISE101
PU26IT001,MAT101
PU26IT001,PHY101
PU26IT001,CHY101
PU26IT001,PRG101
PU26IT001,ENG101
PU26IT001,IT101
PU25IT002,MAT301
PU25IT002,CS301
PU25IT002,CS302
PU25IT002,IT301
PU25IT002,OE304
PU24IT003,HSS501
PU24IT003,CS501
PU24IT003,CS502
PU24IT003,IT501
PU24IT003,OE501
PU23IT004,MGT701
PU23IT004,CS701
PU23IT004,CS702
PU23IT004,IT701
PU23IT004,OE705
PU26IT005,MAT101
PU26IT005,PHY101
PU26IT005,CHY101
PU26IT005,PRG101
PU26IT005,ENG101
PU26IT005,IT101
PU25IT006,MAT301
PU25IT006,CS301
PU25IT006,CS302
PU25IT006,IT301
PU25IT006,OE302
PU24IT007,HSS501
PU24IT007,CS501
PU24IT007,CS502
PU24IT007,IT501
PU24IT007,OE501
PU23IT008,MGT701
PU23IT008,CS701
PU23IT008,CS702
PU23IT008,IT701
PU23IT008,OE706
PU26IT009,MAT101
PU26IT009,PHY101
PU26IT009,CHY101
PU26IT009,PRG101
PU26IT009,ENG101
PU26IT009,IT101
PU25IT010,MAT301
PU25IT010,CS301
PU25IT010,CS302
PU25IT010,IT301
PU25IT010,OE302
PU24IT011,HSS501
PU24IT011,CS501
PU24IT011,CS502
PU24IT011,IT501
PU24IT011,OE504
PU23IT012,MGT701
PU23IT012,CS701
PU23IT012,CS702
PU23IT012,IT701
PU23IT012,OE702
PU26IT013,MAT101
PU26IT013,PHY101
PU26IT013,CHY101
PU26IT013,PRG101
PU26IT013,ENG101
PU26IT013,IT101
PU25IT014,MAT301
PU25IT014,CS301
PU25IT014,CS302
PU25IT014,IT301
PU25IT014,OE305
PU24IT015,HSS501
PU24IT015,CS501
PU24IT015,CS502
PU24IT015,IT501
PU24IT015,OE504
PU23IT016,MGT701
PU23IT016,CS701
PU23IT016,CS702
PU23IT016,IT701
PU23IT016,OE703
PU26IT017,MAT101
PU26IT017,PHY101
PU26IT017,CHY101
PU26IT017,PRG101
PU26IT017,ENG101
PU26IT017,IT101
PU25IT018,MAT301
PU25IT018,CS301
PU25IT018,CS302
PU25IT018,IT301
PU25IT018,OE301
PU24IT019,HSS501
PU24IT019,CS501
PU24IT019,CS502
PU24IT019,IT501
PU24IT019,OE501
PU23IT020,MGT701
PU23IT020,CS701
PU23IT020,CS702
PU23IT020,IT701
PU23IT020,OE706
PU26IT021,MAT101
PU26IT021,PHY101
PU26IT021,CHY101
PU26IT021,PRG101
PU26IT021,ENG101
PU26IT021,IT101
PU25IT022,MAT301
PU25IT022,CS301
PU25IT022,CS302
PU25IT022,IT301
PU25IT022,OE302
PU24IT023,HSS501
PU24IT023,CS501
PU24IT023,CS502
PU24IT023,IT501
PU24IT023,OE505
PU23IT024,MGT701
PU23IT024,CS701
PU23IT024,CS702
PU23IT024,IT701
PU23IT024,OE703
PU26IT025,MAT101
PU26IT025,PHY101
PU26IT025,CHY101
PU26IT025,PRG101
PU26IT025,ENG101
PU26IT025,IT101
PU26AIDS001,MAT101
PU26AIDS001,PHY101
PU26AIDS001,CHY101
PU26AIDS001,PRG101
PU26AIDS001,ENG101
PU26AIDS001,AIDS101
PU25AIDS002,MAT301
PU25AIDS002,CS301
PU25AIDS002,CS302
PU25AIDS002,AIDS301
PU25AIDS002,OE303
PU24AIDS003,HSS501
PU24AIDS003,CS501
PU24AIDS003,CS502
PU24AIDS003,AIDS501
PU24AIDS003,OE502
PU23AIDS004,MGT701
PU23AIDS004,CS701
PU23AIDS004,CS702
PU23AIDS004,AIDS701
PU23AIDS004,OE704
PU26AIDS005,MAT101
PU26AIDS005,PHY101
PU26AIDS005,CHY101
PU26AIDS005,PRG101
PU26AIDS005,ENG101
PU26AIDS005,AIDS101
PU25AIDS006,MAT301
PU25AIDS006,CS301
PU25AIDS006,CS302
PU25AIDS006,AIDS301
PU25AIDS006,OE303
PU24AIDS007,HSS501
PU24AIDS007,CS501
PU24AIDS007,CS502
PU24AIDS007,AIDS501
PU24AIDS007,OE504
PU23AIDS008,MGT701
PU23AIDS008,CS701
PU23AIDS008,CS702
PU23AIDS008,AIDS701
PU23AIDS008,OE705
PU26AIDS009,MAT101
PU26AIDS009,PHY101
PU26AIDS009,CHY101
PU26AIDS009,PRG101
PU26AIDS009,ENG101
PU26AIDS009,AIDS101
PU25AIDS010,MAT301
PU25AIDS010,CS301
PU25AIDS010,CS302
PU25AIDS010,AIDS301
PU25AIDS010,OE301
PU24AIDS011,HSS501
PU24AIDS011,CS501
PU24AIDS011,CS502
PU24AIDS011,AIDS501
PU24AIDS011,OE504
PU23AIDS012,MGT701
PU23AIDS012,CS701
PU23AIDS012,CS702
PU23AIDS012,AIDS701
PU23AIDS012,OE704
PU26AIDS013,MAT101
PU26AIDS013,PHY101
PU26AIDS013,CHY101
PU26AIDS013,PRG101
PU26AIDS013,ENG101
PU26AIDS013,AIDS101
PU25AIDS014,MAT301
PU25AIDS014,CS301
PU25AIDS014,CS302
PU25AIDS014,AIDS301
PU25AIDS014,OE302
PU25AIDS014,CHY101
PU24AIDS015,HSS501
PU24AIDS015,CS501
PU24AIDS015,CS502
PU24AIDS015,AIDS501
PU24AIDS015,OE505
PU23AIDS016,MGT701
PU23AIDS016,CS701
PU23AIDS016,CS702
PU23AIDS016,AIDS701
PU23AIDS016,OE706
PU26AIDS017,MAT101
PU26AIDS017,PHY101
PU26AIDS017,CHY101
PU26AIDS017,PRG101
PU26AIDS017,ENG101
PU26AIDS017,AIDS101
PU25AIDS018,MAT301
PU25AIDS018,CS301
PU25AIDS018,CS302
PU25AIDS018,AIDS301
PU25AIDS018,OE306
PU24AIDS019,HSS501
PU24AIDS019,CS501
PU24AIDS019,CS502
PU24AIDS019,AIDS501
PU24AIDS019,OE506
PU23AIDS020,MGT701
PU23AIDS020,CS701
PU23AIDS020,CS702
PU23AIDS020,AIDS701
PU23AIDS020,OE703
PU26AIDS021,MAT101
PU26AIDS021,PHY101
PU26AIDS021,CHY101
PU26AIDS021,PRG101
PU26AIDS021,ENG101
PU26AIDS021,AIDS101
PU25AIDS022,MAT301
PU25AIDS022,CS301
PU25AIDS022,CS302
PU25AIDS022,AIDS301
PU25AIDS022,OE305
PU24AIDS023,HSS501
PU24AIDS023,CS501
PU24AIDS023,CS502
PU24AIDS023,AIDS501
PU24AIDS023,OE501
PU23AIDS024,MGT701
PU23AIDS024,CS701
PU23AIDS024,CS702
PU23AIDS024,AIDS701
PU23AIDS024,OE704
PU26AIDS025,MAT101
PU26AIDS025,PHY101
PU26AIDS025,CHY101
PU26AIDS025,PRG101
PU26AIDS025,ENG101
PU26AIDS025,AIDS101
PU26ECE001,MAT101
PU26ECE001,PHY101
PU26ECE001,CHY101
PU26ECE001,PRG101
PU26ECE001,ENG101
PU26ECE001,ECE101
PU25ECE002,MAT301
PU25ECE002,EC301
PU25ECE002,EC302
PU25ECE002,ECE301
PU25ECE002,OE305
PU25ECE002,MAT101
PU24ECE003,HSS501
PU24ECE003,EC501
PU24ECE003,EC502
PU24ECE003,ECE501
PU24ECE003,OE505
PU23ECE004,MGT701
PU23ECE004,EC701
PU23ECE004,EC702
PU23ECE004,ECE701
PU23ECE004,OE702
PU26ECE005,MAT101
PU26ECE005,PHY101
PU26ECE005,CHY101
PU26ECE005,PRG101
PU26ECE005,ENG101
PU26ECE005,ECE101
PU25ECE006,MAT301
PU25ECE006,EC301
PU25ECE006,EC302
PU25ECE006,ECE301
PU25ECE006,OE306
PU24ECE007,HSS501
PU24ECE007,EC501
PU24ECE007,EC502
PU24ECE007,ECE501
PU24ECE007,OE505
PU23ECE008,MGT701
PU23ECE008,EC701
PU23ECE008,EC702
PU23ECE008,ECE701
PU23ECE008,OE705
PU26ECE009,MAT101
PU26ECE009,PHY101
PU26ECE009,CHY101
PU26ECE009,PRG101
PU26ECE009,ENG101
PU26ECE009,ECE101
PU25ECE010,MAT301
PU25ECE010,EC301
PU25ECE010,EC302
PU25ECE010,ECE301
PU25ECE010,OE302
PU24ECE011,HSS501
PU24ECE011,EC501
PU24ECE011,EC502
PU24ECE011,ECE501
PU24ECE011,OE501
PU23ECE012,MGT701
PU23ECE012,EC701
PU23ECE012,EC702
PU23ECE012,ECE701
PU23ECE012,OE701
PU26ECE013,MAT101
PU26ECE013,PHY101
PU26ECE013,CHY101
PU26ECE013,PRG101
PU26ECE013,ENG101
PU26ECE013,ECE101
PU25ECE014,MAT301
PU25ECE014,EC301
PU25ECE014,EC302
PU25ECE014,ECE301
PU25ECE014,OE305
PU24ECE015,HSS501
PU24ECE015,EC501
PU24ECE015,EC502
PU24ECE015,ECE501
PU24ECE015,OE503
PU23ECE016,MGT701
PU23ECE016,EC701
PU23ECE016,EC702
PU23ECE016,ECE701
PU23ECE016,OE702
PU26ECE017,MAT101
PU26ECE017,PHY101
PU26ECE017,CHY101
PU26ECE017,PRG101
PU26ECE017,ENG101
PU26ECE017,ECE101
PU25ECE018,MAT301
PU25ECE018,EC301
PU25ECE018,EC302
PU25ECE018,ECE301
PU25ECE018,OE305
PU24ECE019,HSS501
PU24ECE019,EC501
PU24ECE019,EC502
PU24ECE019,ECE501
PU24ECE019,OE505
PU23ECE020,MGT701
PU23ECE020,EC701
PU23ECE020,EC702
PU23ECE020,ECE701
PU23ECE020,OE706
PU26ECE021,MAT101
PU26ECE021,PHY101
PU26ECE021,CHY101
PU26ECE021,PRG101
PU26ECE021,ENG101
PU26ECE021,ECE101
PU25ECE022,MAT301
PU25ECE022,EC301
PU25ECE022,EC302
PU25ECE022,ECE301
PU25ECE022,OE302
PU24ECE023,HSS501
PU24ECE023,EC501
PU24ECE023,EC502
PU24ECE023,ECE501
PU24ECE023,OE501
PU23ECE024,MGT701
PU23ECE024,EC701
PU23ECE024,EC702
PU23ECE024,ECE701
PU23ECE024,OE704
PU26ECE025,MAT101
PU26ECE025,PHY101
PU26ECE025,CHY101
PU26ECE025,PRG101
PU26ECE025,ENG101
PU26ECE025,ECE101
PU26VLSI001,MAT101
PU26VLSI001,PHY101
PU26VLSI001,CHY101
PU26VLSI001,PRG101
PU26VLSI001,ENG101
PU26VLSI001,VLSI101
PU25VLSI002,MAT301
PU25VLSI002,EC301
PU25VLSI002,EC302
PU25VLSI002,VLSI301
PU25VLSI002,OE305
PU24VLSI003,HSS501
PU24VLSI003,EC501
PU24VLSI003,EC502
PU24VLSI003,VLSI501
PU24VLSI003,OE505
PU23VLSI004,MGT701
PU23VLSI004,EC701
PU23VLSI004,EC702
PU23VLSI004,VLSI701
PU23VLSI004,OE704
PU26VLSI005,MAT101
PU26VLSI005,PHY101
PU26VLSI005,CHY101
PU26VLSI005,PRG101
PU26VLSI005,ENG101
PU26VLSI005,VLSI101
PU25VLSI006,MAT301
PU25VLSI006,EC301
PU25VLSI006,EC302
PU25VLSI006,VLSI301
PU25VLSI006,OE305
PU24VLSI007,HSS501
PU24VLSI007,EC501
PU24VLSI007,EC502
PU24VLSI007,VLSI501
PU24VLSI007,OE502
PU23VLSI008,MGT701
PU23VLSI008,EC701
PU23VLSI008,EC702
PU23VLSI008,VLSI701
PU23VLSI008,OE702
PU26VLSI009,MAT101
PU26VLSI009,PHY101
PU26VLSI009,CHY101
PU26VLSI009,PRG101
PU26VLSI009,ENG101
PU26VLSI009,VLSI101
PU25VLSI010,MAT301
PU25VLSI010,EC301
PU25VLSI010,EC302
PU25VLSI010,VLSI301
PU25VLSI010,OE304
PU24VLSI011,HSS501
PU24VLSI011,EC501
PU24VLSI011,EC502
PU24VLSI011,VLSI501
PU24VLSI011,OE506
PU23VLSI012,MGT701
PU23VLSI012,EC701
PU23VLSI012,EC702
PU23VLSI012,VLSI701
PU23VLSI012,OE702
PU26VLSI013,MAT101
PU26VLSI013,PHY101
PU26VLSI013,CHY101
PU26VLSI013,PRG101
PU26VLSI013,ENG101
PU26VLSI013,VLSI101
PU25VLSI014,MAT301
PU25VLSI014,EC301
PU25VLSI014,EC302
PU25VLSI014,VLSI301
PU25VLSI014,OE302
PU24VLSI015,HSS501
PU24VLSI015,EC501
PU24VLSI015,EC502
PU24VLSI015,VLSI501
PU24VLSI015,OE501
PU23VLSI016,MGT701
PU23VLSI016,EC701
PU23VLSI016,EC702
PU23VLSI016,VLSI701
PU23VLSI016,OE706
PU26VLSI017,MAT101
PU26VLSI017,PHY101
PU26VLSI017,CHY101
PU26VLSI017,PRG101
PU26VLSI017,ENG101
PU26VLSI017,VLSI101
PU25VLSI018,MAT301
PU25VLSI018,EC301
PU25VLSI018,EC302
PU25VLSI018,VLSI301
PU25VLSI018,OE301
PU24VLSI019,HSS501
PU24VLSI019,EC501
PU24VLSI019,EC502
PU24VLSI019,VLSI501
PU24VLSI019,OE506
PU23VLSI020,MGT701
PU23VLSI020,EC701
PU23VLSI020,EC702
PU23VLSI020,VLSI701
PU23VLSI020,OE702
PU26VLSI021,MAT101
PU26VLSI021,PHY101
PU26VLSI021,CHY101
PU26VLSI021,PRG101
PU26VLSI021,ENG101
PU26VLSI021,VLSI101
PU25VLSI022,MAT301
PU25VLSI022,EC301
PU25VLSI022,EC302
PU25VLSI022,VLSI301
PU25VLSI022,OE302
PU24VLSI023,HSS501
PU24VLSI023,EC501
PU24VLSI023,EC502
PU24VLSI023,VLSI501
PU24VLSI023,OE501
PU23VLSI024,MGT701
PU23VLSI024,EC701
PU23VLSI024,EC702
PU23VLSI024,VLSI701
PU23VLSI024,OE706
PU26VLSI025,MAT101
PU26VLSI025,PHY101
PU26VLSI025,CHY101
PU26VLSI025,PRG101
PU26VLSI025,ENG101
PU26VLSI025,VLSI101
PU26EIE001,MAT101
PU26EIE001,PHY101
PU26EIE001,CHY101
PU26EIE001,PRG101
PU26EIE001,ENG101
PU26EIE001,EIE101
PU25EIE002,MAT301
PU25EIE002,EC301
PU25EIE002,EC302
PU25EIE002,EIE301
PU25EIE002,OE305
PU24EIE003,HSS501
PU24EIE003,EC501
PU24EIE003,EC502
PU24EIE003,EIE501
PU24EIE003,OE501
PU23EIE004,MGT701
PU23EIE004,EC701
PU23EIE004,EC702
PU23EIE004,EIE701
PU23EIE004,OE705
PU26EIE005,MAT101
PU26EIE005,PHY101
PU26EIE005,CHY101
PU26EIE005,PRG101
PU26EIE005,ENG101
PU26EIE005,EIE101
PU25EIE006,MAT301
PU25EIE006,EC301
PU25EIE006,EC302
PU25EIE006,EIE301
PU25EIE006,OE305
PU24EIE007,HSS501
PU24EIE007,EC501
PU24EIE007,EC502
PU24EIE007,EIE501
PU24EIE007,OE506
PU23EIE008,MGT701
PU23EIE008,EC701
PU23EIE008,EC702
PU23EIE008,EIE701
PU23EIE008,OE701
PU26EIE009,MAT101
PU26EIE009,PHY101
PU26EIE009,CHY101
PU26EIE009,PRG101
PU26EIE009,ENG101
PU26EIE009,EIE101
PU25EIE010,MAT301
PU25EIE010,EC301
PU25EIE010,EC302
PU25EIE010,EIE301
PU25EIE010,OE304
PU24EIE011,HSS501
PU24EIE011,EC501
PU24EIE011,EC502
PU24EIE011,EIE501
PU24EIE011,OE506
PU23EIE012,MGT701
PU23EIE012,EC701
PU23EIE012,EC702
PU23EIE012,EIE701
PU23EIE012,OE704
PU26EIE013,MAT101
PU26EIE013,PHY101
PU26EIE013,CHY101
PU26EIE013,PRG101
PU26EIE013,ENG101
PU26EIE013,EIE101
PU25EIE014,MAT301
PU25EIE014,EC301
PU25EIE014,EC302
PU25EIE014,EIE301
PU25EIE014,OE302
PU24EIE015,HSS501
PU24EIE015,EC501
PU24EIE015,EC502
PU24EIE015,EIE501
PU24EIE015,OE502
PU23EIE016,MGT701
PU23EIE016,EC701
PU23EIE016,EC702
PU23EIE016,EIE701
PU23EIE016,OE706
PU26EIE017,MAT101
PU26EIE017,PHY101
PU26EIE017,CHY101
PU26EIE017,PRG101
PU26EIE017,ENG101
PU26EIE017,EIE101
PU25EIE018,MAT301
PU25EIE018,EC301
PU25EIE018,EC302
PU25EIE018,EIE301
PU25EIE018,OE302
PU24EIE019,HSS501
PU24EIE019,EC501
PU24EIE019,EC502
PU24EIE019,EIE501
PU24EIE019,OE502
PU23EIE020,MGT701
PU23EIE020,EC701
PU23EIE020,EC702
PU23EIE020,EIE701
PU23EIE020,OE704
PU26EIE021,MAT101
PU26EIE021,PHY101
PU26EIE021,CHY101
PU26EIE021,PRG101
PU26EIE021,ENG101
PU26EIE021,EIE101
PU25EIE022,MAT301
PU25EIE022,EC301
PU25EIE022,EC302
PU25EIE022,EIE301
PU25EIE022,OE305
PU24EIE023,HSS501
PU24EIE023,EC501
PU24EIE023,EC502
PU24EIE023,EIE501
PU24EIE023,OE503
PU23EIE024,MGT701
PU23EIE024,EC701
PU23EIE024,EC702
PU23EIE024,EIE701
PU23EIE024,OE702
PU26EIE025,MAT101
PU26EIE025,PHY101
PU26EIE025,CHY101
PU26EIE025,PRG101
PU26EIE025,ENG101
PU26EIE025,EIE101
PU26EEE001,MAT101
PU26EEE001,PHY101
PU26EEE001,CHY101
PU26EEE001,PRG101
PU26EEE001,ENG101
PU26EEE001,EEE101
PU25EEE002,MAT301
PU25EEE002,EE301
PU25EEE002,EE302
PU25EEE002,EEE301
PU25EEE002,OE304
PU24EEE003,HSS501
PU24EEE003,EE501
PU24EEE003,EE502
PU24EEE003,EEE501
PU24EEE003,OE504
PU23EEE004,MGT701
PU23EEE004,EE701
PU23EEE004,EE702
PU23EEE004,EEE701
PU23EEE004,OE705
PU26EEE005,MAT101
PU26EEE005,PHY101
PU26EEE005,CHY101
PU26EEE005,PRG101
PU26EEE005,ENG101
PU26EEE005,EEE101
PU25EEE006,MAT301
PU25EEE006,EE301
PU25EEE006,EE302
PU25EEE006,EEE301
PU25EEE006,OE305
PU24EEE007,HSS501
PU24EEE007,EE501
PU24EEE007,EE502
PU24EEE007,EEE501
PU24EEE007,OE506
PU23EEE008,MGT701
PU23EEE008,EE701
PU23EEE008,EE702
PU23EEE008,EEE701
PU23EEE008,OE703
PU26EEE009,MAT101
PU26EEE009,PHY101
PU26EEE009,CHY101
PU26EEE009,PRG101
PU26EEE009,ENG101
PU26EEE009,EEE101
PU25EEE010,MAT301
PU25EEE010,EE301
PU25EEE010,EE302
PU25EEE010,EEE301
PU25EEE010,OE303
PU24EEE011,HSS501
PU24EEE011,EE501
PU24EEE011,EE502
PU24EEE011,EEE501
PU24EEE011,OE501
PU23EEE012,MGT701
PU23EEE012,EE701
PU23EEE012,EE702
PU23EEE012,EEE701
PU23EEE012,OE705
PU26EEE013,MAT101
PU26EEE013,PHY101
PU26EEE013,CHY101
PU26EEE013,PRG101
PU26EEE013,ENG101
PU26EEE013,EEE101
PU25EEE014,MAT301
PU25EEE014,EE301
PU25EEE014,EE302
PU25EEE014,EEE301
PU25EEE014,OE304
PU24EEE015,HSS501
PU24EEE015,EE501
PU24EEE015,EE502
PU24EEE015,EEE501
PU24EEE015,OE501
PU23EEE016,MGT701
PU23EEE016,EE701
PU23EEE016,EE702
PU23EEE016,EEE701
PU23EEE016,OE705
PU26EEE017,MAT101
PU26EEE017,PHY101
PU26EEE017,CHY101
PU26EEE017,PRG101
PU26EEE017,ENG101
PU26EEE017,EEE101
PU25EEE018,MAT301
PU25EEE018,EE301
PU25EEE018,EE302
PU25EEE018,EEE301
PU25EEE018,OE302
PU24EEE019,HSS501
PU24EEE019,EE501
PU24EEE019,EE502
PU24EEE019,EEE501
PU24EEE019,OE501
PU23EEE020,MGT701
PU23EEE020,EE701
PU23EEE020,EE702
PU23EEE020,EEE701
PU23EEE020,OE704
PU26EEE021,MAT101
PU26EEE021,PHY101
PU26EEE021,CHY101
PU26EEE021,PRG101
PU26EEE021,ENG101
PU26EEE021,EEE101
PU25EEE022,MAT301
PU25EEE022,EE301
PU25EEE022,EE302
PU25EEE022,EEE301
PU25EEE022,OE304
PU24EEE023,HSS501
PU24EEE023,EE501
PU24EEE023,EE502
PU24EEE023,EEE501
PU24EEE023,OE501
PU23EEE024,MGT701
PU23EEE024,EE701
PU23EEE024,EE702
PU23EEE024,EEE701
PU23EEE024,OE706
PU26EEE025,MAT101
PU26EEE025,PHY101
PU26EEE025,CHY101
PU26EEE025,PRG101
PU26EEE025,ENG101
PU26EEE025,EEE101
PU26ME001,MAT101
PU26ME001,PHY101
PU26ME001,CHY101
PU26ME001,PRG101
PU26ME001,ENG101
PU26ME001,ME101
PU25ME002,MAT301
PU25ME002,ME301
PU25ME002,ME302
PU25ME002,ME301
PU25ME002,OE305
PU24ME003,HSS501
PU24ME003,ME501
PU24ME003,ME502
PU24ME003,ME501
PU24ME003,OE502
PU23ME004,MGT701
PU23ME004,ME701
PU23ME004,ME702
PU23ME004,ME701
PU23ME004,OE702
PU26ME005,MAT101
PU26ME005,PHY101
PU26ME005,CHY101
PU26ME005,PRG101
PU26ME005,ENG101
PU26ME005,ME101
PU25ME006,MAT301
PU25ME006,ME301
PU25ME006,ME302
PU25ME006,ME301
PU25ME006,OE304
PU24ME007,HSS501
PU24ME007,ME501
PU24ME007,ME502
PU24ME007,ME501
PU24ME007,OE501
PU23ME008,MGT701
PU23ME008,ME701
PU23ME008,ME702
PU23ME008,ME701
PU23ME008,OE704
PU26ME009,MAT101
PU26ME009,PHY101
PU26ME009,CHY101
PU26ME009,PRG101
PU26ME009,ENG101
PU26ME009,ME101
PU25ME010,MAT301
PU25ME010,ME301
PU25ME010,ME302
PU25ME010,ME301
PU25ME010,OE301
PU24ME011,HSS501
PU24ME011,ME501
PU24ME011,ME502
PU24ME011,ME501
PU24ME011,OE503
PU23ME012,MGT701
PU23ME012,ME701
PU23ME012,ME702
PU23ME012,ME701
PU23ME012,OE704
PU26ME013,MAT101
PU26ME013,PHY101
PU26ME013,CHY101
PU26ME013,PRG101
PU26ME013,ENG101
PU26ME013,ME101
PU25ME014,MAT301
PU25ME014,ME301
PU25ME014,ME302
PU25ME014,ME301
PU25ME014,OE305
PU24ME015,HSS501
PU24ME015,ME501
PU24ME015,ME502
PU24ME015,ME501
PU24ME015,OE504
PU23ME016,MGT701
PU23ME016,ME701
PU23ME016,ME702
PU23ME016,ME701
PU23ME016,OE703
PU26ME017,MAT101
PU26ME017,PHY101
PU26ME017,CHY101
PU26ME017,PRG101
PU26ME017,ENG101
PU26ME017,ME101
PU25ME018,MAT301
PU25ME018,ME301
PU25ME018,ME302
PU25ME018,ME301
PU25ME018,OE305
PU24ME019,HSS501
PU24ME019,ME501
PU24ME019,ME502
PU24ME019,ME501
PU24ME019,OE504
PU23ME020,MGT701
PU23ME020,ME701
PU23ME020,ME702
PU23ME020,ME701
PU23ME020,OE703
PU26ME021,MAT101
PU26ME021,PHY101
PU26ME021,CHY101
PU26ME021,PRG101
PU26ME021,ENG101
PU26ME021,ME101
PU25ME022,MAT301
PU25ME022,ME301
PU25ME022,ME302
PU25ME022,ME301
PU25ME022,OE305
PU24ME023,HSS501
PU24ME023,ME501
PU24ME023,ME502
PU24ME023,ME501
PU24ME023,OE505
PU23ME024,MGT701
PU23ME024,ME701
PU23ME024,ME702
PU23ME024,ME701
PU23ME024,OE704
PU26ME025,MAT101
PU26ME025,PHY101
PU26ME025,CHY101
PU26ME025,PRG101
PU26ME025,ENG101
PU26ME025,ME101
PU26MCT001,MAT101
PU26MCT001,PHY101
PU26MCT001,CHY101
PU26MCT001,PRG101
PU26MCT001,ENG101
PU26MCT001,MCT101
PU25MCT002,MAT301
PU25MCT002,ME301
PU25MCT002,ME302
PU25MCT002,MCT301
PU25MCT002,OE303
PU24MCT003,HSS501
PU24MCT003,ME501
PU24MCT003,ME502
PU24MCT003,MCT501
PU24MCT003,OE503
PU23MCT004,MGT701
PU23MCT004,ME701
PU23MCT004,ME702
PU23MCT004,MCT701
PU23MCT004,OE701
PU26MCT005,MAT101
PU26MCT005,PHY101
PU26MCT005,CHY101
PU26MCT005,PRG101
PU26MCT005,ENG101
PU26MCT005,MCT101
PU25MCT006,MAT301
PU25MCT006,ME301
PU25MCT006,ME302
PU25MCT006,MCT301
PU25MCT006,OE306
PU24MCT007,HSS501
PU24MCT007,ME501
PU24MCT007,ME502
PU24MCT007,MCT501
PU24MCT007,OE506
PU23MCT008,MGT701
PU23MCT008,ME701
PU23MCT008,ME702
PU23MCT008,MCT701
PU23MCT008,OE705
PU26MCT009,MAT101
PU26MCT009,PHY101
PU26MCT009,CHY101
PU26MCT009,PRG101
PU26MCT009,ENG101
PU26MCT009,MCT101
PU25MCT010,MAT301
PU25MCT010,ME301
PU25MCT010,ME302
PU25MCT010,MCT301
PU25MCT010,OE306
PU24MCT011,HSS501
PU24MCT011,ME501
PU24MCT011,ME502
PU24MCT011,MCT501
PU24MCT011,OE504
PU23MCT012,MGT701
PU23MCT012,ME701
PU23MCT012,ME702
PU23MCT012,MCT701
PU23MCT012,OE704
PU26MCT013,MAT101
PU26MCT013,PHY101
PU26MCT013,CHY101
PU26MCT013,PRG101
PU26MCT013,ENG101
PU26MCT013,MCT101
PU25MCT014,MAT301
PU25MCT014,ME301
PU25MCT014,ME302
PU25MCT014,MCT301
PU25MCT014,OE301
PU24MCT015,HSS501
PU24MCT015,ME501
PU24MCT015,ME502
PU24MCT015,MCT501
PU24MCT015,OE505
PU24MCT015,PRG101
PU23MCT016,MGT701
PU23MCT016,ME701
PU23MCT016,ME702
PU23MCT016,MCT701
PU23MCT016,OE701
PU26MCT017,MAT101
PU26MCT017,PHY101
PU26MCT017,CHY101
PU26MCT017,PRG101
PU26MCT017,ENG101
PU26MCT017,MCT101
PU25MCT018,MAT301
PU25MCT018,ME301
PU25MCT018,ME302
PU25MCT018,MCT301
PU25MCT018,OE303
PU24MCT019,HSS501
PU24MCT019,ME501
PU24MCT019,ME502
PU24MCT019,MCT501
PU24MCT019,OE501
PU23MCT020,MGT701
PU23MCT020,ME701
PU23MCT020,ME702
PU23MCT020,MCT701
PU23MCT020,OE702
PU26MCT021,MAT101
PU26MCT021,PHY101
PU26MCT021,CHY101
PU26MCT021,PRG101
PU26MCT021,ENG101
PU26MCT021,MCT101
PU25MCT022,MAT301
PU25MCT022,ME301
PU25MCT022,ME302
PU25MCT022,MCT301
PU25MCT022,OE305
PU24MCT023,HSS501
PU24MCT023,ME501
PU24MCT023,ME502
PU24MCT023,MCT501
PU24MCT023,OE505
PU23MCT024,MGT701
PU23MCT024,ME701
PU23MCT024,ME702
PU23MCT024,MCT701
PU23MCT024,OE703
PU26MCT025,MAT101
PU26MCT025,PHY101
PU26MCT025,CHY101
PU26MCT025,PRG101
PU26MCT025,ENG101
PU26MCT025,MCT101
PU26RAA001,MAT101
PU26RAA001,PHY101
PU26RAA001,CHY101
PU26RAA001,PRG101
PU26RAA001,ENG101
PU26RAA001,RAA101
PU25RAA002,MAT301
PU25RAA002,ME301
PU25RAA002,ME302
PU25RAA002,RAA301
PU25RAA002,OE301
PU24RAA003,HSS501
PU24RAA003,ME501
PU24RAA003,ME502
PU24RAA003,RAA501
PU24RAA003,OE506
PU23RAA004,MGT701
PU23RAA004,ME701
PU23RAA004,ME702
PU23RAA004,RAA701
PU23RAA004,OE704
PU26RAA005,MAT101
PU26RAA005,PHY101
PU26RAA005,CHY101
PU26RAA005,PRG101
PU26RAA005,ENG101
PU26RAA005,RAA101
PU25RAA006,MAT301
PU25RAA006,ME301
PU25RAA006,ME302
PU25RAA006,RAA301
PU25RAA006,OE304
PU24RAA007,HSS501
PU24RAA007,ME501
PU24RAA007,ME502
PU24RAA007,RAA501
PU24RAA007,OE502
PU23RAA008,MGT701
PU23RAA008,ME701
PU23RAA008,ME702
PU23RAA008,RAA701
PU23RAA008,OE702
PU26RAA009,MAT101
PU26RAA009,PHY101
PU26RAA009,CHY101
PU26RAA009,PRG101
PU26RAA009,ENG101
PU26RAA009,RAA101
PU25RAA010,MAT301
PU25RAA010,ME301
PU25RAA010,ME302
PU25RAA010,RAA301
PU25RAA010,OE304
PU24RAA011,HSS501
PU24RAA011,ME501
PU24RAA011,ME502
PU24RAA011,RAA501
PU24RAA011,OE505
PU23RAA012,MGT701
PU23RAA012,ME701
PU23RAA012,ME702
PU23RAA012,RAA701
PU23RAA012,OE706
PU26RAA013,MAT101
PU26RAA013,PHY101
PU26RAA013,CHY101
PU26RAA013,PRG101
PU26RAA013,ENG101
PU26RAA013,RAA101
PU25RAA014,MAT301
PU25RAA014,ME301
PU25RAA014,ME302
PU25RAA014,RAA301
PU25RAA014,OE302
PU24RAA015,HSS501
PU24RAA015,ME501
PU24RAA015,ME502
PU24RAA015,RAA501
PU24RAA015,OE505
PU23RAA016,MGT701
PU23RAA016,ME701
PU23RAA016,ME702
PU23RAA016,RAA701
PU23RAA016,OE702
PU26RAA017,MAT101
PU26RAA017,PHY101
PU26RAA017,CHY101
PU26RAA017,PRG101
PU26RAA017,ENG101
PU26RAA017,RAA101
PU25RAA018,MAT301
PU25RAA018,ME301
PU25RAA018,ME302
PU25RAA018,RAA301
PU25RAA018,OE302
PU24RAA019,HSS501
PU24RAA019,ME501
PU24RAA019,ME502
PU24RAA019,RAA501
PU24RAA019,OE504
PU23RAA020,MGT701
PU23RAA020,ME701
PU23RAA020,ME702
PU23RAA020,RAA701
PU23RAA020,OE703
PU26RAA021,MAT101
PU26RAA021,PHY101
PU26RAA021,CHY101
PU26RAA021,PRG101
PU26RAA021,ENG101
PU26RAA021,RAA101
PU25RAA022,MAT301
PU25RAA022,ME301
PU25RAA022,ME302
PU25RAA022,RAA301
PU25RAA022,OE302
PU24RAA023,HSS501
PU24RAA023,ME501
PU24RAA023,ME502
PU24RAA023,RAA501
PU24RAA023,OE505
PU23RAA024,MGT701
PU23RAA024,ME701
PU23RAA024,ME702
PU23RAA024,RAA701
PU23RAA024,OE701
PU26RAA025,MAT101
PU26RAA025,PHY101
PU26RAA025,CHY101
PU26RAA025,PRG101
PU26RAA025,ENG101
PU26RAA025,RAA101
PU26AUTO001,MAT101
PU26AUTO001,PHY101
PU26AUTO001,CHY101
PU26AUTO001,PRG101
PU26AUTO001,ENG101
PU26AUTO001,AUTO101
PU25AUTO002,MAT301
PU25AUTO002,ME301
PU25AUTO002,ME302
PU25AUTO002,AUTO301
PU25AUTO002,OE302
PU24AUTO003,HSS501
PU24AUTO003,ME501
PU24AUTO003,ME502
PU24AUTO003,AUTO501
PU24AUTO003,OE504
PU23AUTO004,MGT701
PU23AUTO004,ME701
PU23AUTO004,ME702
PU23AUTO004,AUTO701
PU23AUTO004,OE703
PU26AUTO005,MAT101
PU26AUTO005,PHY101
PU26AUTO005,CHY101
PU26AUTO005,PRG101
PU26AUTO005,ENG101
PU26AUTO005,AUTO101
PU25AUTO006,MAT301
PU25AUTO006,ME301
PU25AUTO006,ME302
PU25AUTO006,AUTO301
PU25AUTO006,OE301
PU24AUTO007,HSS501
PU24AUTO007,ME501
PU24AUTO007,ME502
PU24AUTO007,AUTO501
PU24AUTO007,OE505
PU23AUTO008,MGT701
PU23AUTO008,ME701
PU23AUTO008,ME702
PU23AUTO008,AUTO701
PU23AUTO008,OE701
PU26AUTO009,MAT101
PU26AUTO009,PHY101
PU26AUTO009,CHY101
PU26AUTO009,PRG101
PU26AUTO009,ENG101
PU26AUTO009,AUTO101
PU25AUTO010,MAT301
PU25AUTO010,ME301
PU25AUTO010,ME302
PU25AUTO010,AUTO301
PU25AUTO010,OE304
PU24AUTO011,HSS501
PU24AUTO011,ME501
PU24AUTO011,ME502
PU24AUTO011,AUTO501
PU24AUTO011,OE502
PU23AUTO012,MGT701
PU23AUTO012,ME701
PU23AUTO012,ME702
PU23AUTO012,AUTO701
PU23AUTO012,OE702
PU26AUTO013,MAT101
PU26AUTO013,PHY101
PU26AUTO013,CHY101
PU26AUTO013,PRG101
PU26AUTO013,ENG101
PU26AUTO013,AUTO101
PU25AUTO014,MAT301
PU25AUTO014,ME301
PU25AUTO014,ME302
PU25AUTO014,AUTO301
PU25AUTO014,OE303
PU24AUTO015,HSS501
PU24AUTO015,ME501
PU24AUTO015,ME502
PU24AUTO015,AUTO501
PU24AUTO015,OE501
PU23AUTO016,MGT701
PU23AUTO016,ME701
PU23AUTO016,ME702
PU23AUTO016,AUTO701
PU23AUTO016,OE702
PU26AUTO017,MAT101
PU26AUTO017,PHY101
PU26AUTO017,CHY101
PU26AUTO017,PRG101
PU26AUTO017,ENG101
PU26AUTO017,AUTO101
PU25AUTO018,MAT301
PU25AUTO018,ME301
PU25AUTO018,ME302
PU25AUTO018,AUTO301
PU25AUTO018,OE303
PU24AUTO019,HSS501
PU24AUTO019,ME501
PU24AUTO019,ME502
PU24AUTO019,AUTO501
PU24AUTO019,OE501
PU23AUTO020,MGT701
PU23AUTO020,ME701
PU23AUTO020,ME702
PU23AUTO020,AUTO701
PU23AUTO020,OE706
PU26AUTO021,MAT101
PU26AUTO021,PHY101
PU26AUTO021,CHY101
PU26AUTO021,PRG101
PU26AUTO021,ENG101
PU26AUTO021,AUTO101
PU25AUTO022,MAT301
PU25AUTO022,ME301
PU25AUTO022,ME302
PU25AUTO022,AUTO301
PU25AUTO022,OE303
PU24AUTO023,HSS501
PU24AUTO023,ME501
PU24AUTO023,ME502
PU24AUTO023,AUTO501
PU24AUTO023,OE506
PU23AUTO024,MGT701
PU23AUTO024,ME701
PU23AUTO024,ME702
PU23AUTO024,AUTO701
PU23AUTO024,OE706
PU26AUTO025,MAT101
PU26AUTO025,PHY101
PU26AUTO025,CHY101
PU26AUTO025,PRG101
PU26AUTO025,ENG101
PU26AUTO025,AUTO101
PU26AERO001,MAT101
PU26AERO001,PHY101
PU26AERO001,CHY101
PU26AERO001,PRG101
PU26AERO001,ENG101
PU26AERO001,AERO101
PU25AERO002,MAT301
PU25AERO002,ME301
PU25AERO002,ME302
PU25AERO002,AERO301
PU25AERO002,OE306
PU24AERO003,HSS501
PU24AERO003,ME501
PU24AERO003,ME502
PU24AERO003,AERO501
PU24AERO003,OE505
PU23AERO004,MGT701
PU23AERO004,ME701
PU23AERO004,ME702
PU23AERO004,AERO701
PU23AERO004,OE704
PU26AERO005,MAT101
PU26AERO005,PHY101
PU26AERO005,CHY101
PU26AERO005,PRG101
PU26AERO005,ENG101
PU26AERO005,AERO101
PU25AERO006,MAT301
PU25AERO006,ME301
PU25AERO006,ME302
PU25AERO006,AERO301
PU25AERO006,OE301
PU24AERO007,HSS501
PU24AERO007,ME501
PU24AERO007,ME502
PU24AERO007,AERO501
PU24AERO007,OE504
PU23AERO008,MGT701
PU23AERO008,ME701
PU23AERO008,ME702
PU23AERO008,AERO701
PU23AERO008,OE701
PU26AERO009,MAT101
PU26AERO009,PHY101
PU26AERO009,CHY101
PU26AERO009,PRG101
PU26AERO009,ENG101
PU26AERO009,AERO101
PU25AERO010,MAT301
PU25AERO010,ME301
PU25AERO010,ME302
PU25AERO010,AERO301
PU25AERO010,OE303
PU24AERO011,HSS501
PU24AERO011,ME501
PU24AERO011,ME502
PU24AERO011,AERO501
PU24AERO011,OE501
PU24AERO011,AERO301
PU23AERO012,MGT701
PU23AERO012,ME701
PU23AERO012,ME702
PU23AERO012,AERO701
PU23AERO012,OE702
PU26AERO013,MAT101
PU26AERO013,PHY101
PU26AERO013,CHY101
PU26AERO013,PRG101
PU26AERO013,ENG101
PU26AERO013,AERO101
PU25AERO014,MAT301
PU25AERO014,ME301
PU25AERO014,ME302
PU25AERO014,AERO301
PU25AERO014,OE306
PU24AERO015,HSS501
PU24AERO015,ME501
PU24AERO015,ME502
PU24AERO015,AERO501
PU24AERO015,OE504
PU23AERO016,MGT701
PU23AERO016,ME701
PU23AERO016,ME702
PU23AERO016,AERO701
PU23AERO016,OE705
PU26AERO017,MAT101
PU26AERO017,PHY101
PU26AERO017,CHY101
PU26AERO017,PRG101
PU26AERO017,ENG101
PU26AERO017,AERO101
PU25AERO018,MAT301
PU25AERO018,ME301
PU25AERO018,ME302
PU25AERO018,AERO301
PU25AERO018,OE302
PU24AERO019,HSS501
PU24AERO019,ME501
PU24AERO019,ME502
PU24AERO019,AERO501
PU24AERO019,OE505
PU23AERO020,MGT701
PU23AERO020,ME701
PU23AERO020,ME702
PU23AERO020,AERO701
PU23AERO020,OE703
PU26AERO021,MAT101
PU26AERO021,PHY101
PU26AERO021,CHY101
PU26AERO021,PRG101
PU26AERO021,ENG101
PU26AERO021,AERO101
PU25AERO022,MAT301
PU25AERO022,ME301
PU25AERO022,ME302
PU25AERO022,AERO301
PU25AERO022,OE302
PU24AERO023,HSS501
PU24AERO023,ME501
PU24AERO023,ME502
PU24AERO023,AERO501
PU24AERO023,OE504
PU23AERO024,MGT701
PU23AERO024,ME701
PU23AERO024,ME702
PU23AERO024,AERO701
PU23AERO024,OE703
PU26AERO025,MAT101
PU26AERO025,PHY101
PU26AERO025,CHY101
PU26AERO025,PRG101
PU26AERO025,ENG101
PU26AERO025,AERO101
PU26CIV001,MAT101
PU26CIV001,PHY101
PU26CIV001,CHY101
PU26CIV001,PRG101
PU26CIV001,ENG101
PU26CIV001,CIV101
PU25CIV002,MAT301
PU25CIV002,CIV301
PU25CIV002,CIV302
PU25CIV002,CIV301
PU25CIV002,OE306
PU24CIV003,HSS501
PU24CIV003,CIV501
PU24CIV003,CIV502
PU24CIV003,CIV501
PU24CIV003,OE504
PU23CIV004,MGT701
PU23CIV004,CIV701
PU23CIV004,CIV702
PU23CIV004,CIV701
PU23CIV004,OE704
PU26CIV005,MAT101
PU26CIV005,PHY101
PU26CIV005,CHY101
PU26CIV005,PRG101
PU26CIV005,ENG101
PU26CIV005,CIV101
PU25CIV006,MAT301
PU25CIV006,CIV301
PU25CIV006,CIV302
PU25CIV006,CIV301
PU25CIV006,OE304
PU24CIV007,HSS501
PU24CIV007,CIV501
PU24CIV007,CIV502
PU24CIV007,CIV501
PU24CIV007,OE501
PU23CIV008,MGT701
PU23CIV008,CIV701
PU23CIV008,CIV702
PU23CIV008,CIV701
PU23CIV008,OE702
PU26CIV009,MAT101
PU26CIV009,PHY101
PU26CIV009,CHY101
PU26CIV009,PRG101
PU26CIV009,ENG101
PU26CIV009,CIV101
PU25CIV010,MAT301
PU25CIV010,CIV301
PU25CIV010,CIV302
PU25CIV010,CIV301
PU25CIV010,OE302
PU24CIV011,HSS501
PU24CIV011,CIV501
PU24CIV011,CIV502
PU24CIV011,CIV501
PU24CIV011,OE501
PU23CIV012,MGT701
PU23CIV012,CIV701
PU23CIV012,CIV702
PU23CIV012,CIV701
PU23CIV012,OE705
PU26CIV013,MAT101
PU26CIV013,PHY101
PU26CIV013,CHY101
PU26CIV013,PRG101
PU26CIV013,ENG101
PU26CIV013,CIV101
PU25CIV014,MAT301
PU25CIV014,CIV301
PU25CIV014,CIV302
PU25CIV014,CIV301
PU25CIV014,OE305
PU24CIV015,HSS501
PU24CIV015,CIV501
PU24CIV015,CIV502
PU24CIV015,CIV501
PU24CIV015,OE505
PU23CIV016,MGT701
PU23CIV016,CIV701
PU23CIV016,CIV702
PU23CIV016,CIV701
PU23CIV016,OE704
PU23CIV016,CIV301
PU26CIV017,MAT101
PU26CIV017,PHY101
PU26CIV017,CHY101
PU26CIV017,PRG101
PU26CIV017,ENG101
PU26CIV017,CIV101
PU25CIV018,MAT301
PU25CIV018,CIV301
PU25CIV018,CIV302
PU25CIV018,CIV301
PU25CIV018,OE305
PU24CIV019,HSS501
PU24CIV019,CIV501
PU24CIV019,CIV502
PU24CIV019,CIV501
PU24CIV019,OE501
PU23CIV020,MGT701
PU23CIV020,CIV701
PU23CIV020,CIV702
PU23CIV020,CIV701
PU23CIV020,OE706
PU26CIV021,MAT101
PU26CIV021,PHY101
PU26CIV021,CHY101
PU26CIV021,PRG101
PU26CIV021,ENG101
PU26CIV021,CIV101
PU25CIV022,MAT301
PU25CIV022,CIV301
PU25CIV022,CIV302
PU25CIV022,CIV301
PU25CIV022,OE304
PU24CIV023,HSS501
PU24CIV023,CIV501
PU24CIV023,CIV502
PU24CIV023,CIV501
PU24CIV023,OE501
PU23CIV024,MGT701
PU23CIV024,CIV701
PU23CIV024,CIV702
PU23CIV024,CIV701
PU23CIV024,OE705
PU26CIV025,MAT101
PU26CIV025,PHY101
PU26CIV025,CHY101
PU26CIV025,PRG101
PU26CIV025,ENG101
PU26CIV025,CIV101
PU26BT001,MAT101
PU26BT001,PHY101
PU26BT001,CHY101
PU26BT001,PRG101
PU26BT001,ENG101
PU26BT001,BT101
PU25BT002,MAT301
PU25BT002,LIFE301
PU25BT002,LIFE302
PU25BT002,BT301
PU25BT002,OE302
PU25BT002,PRG101
PU24BT003,HSS501
PU24BT003,LIFE501
PU24BT003,LIFE502
PU24BT003,BT501
PU24BT003,OE504
PU23BT004,MGT701
PU23BT004,LIFE701
PU23BT004,LIFE702
PU23BT004,BT701
PU23BT004,OE704
PU26BT005,MAT101
PU26BT005,PHY101
PU26BT005,CHY101
PU26BT005,PRG101
PU26BT005,ENG101
PU26BT005,BT101
PU25BT006,MAT301
PU25BT006,LIFE301
PU25BT006,LIFE302
PU25BT006,BT301
PU25BT006,OE303
PU24BT007,HSS501
PU24BT007,LIFE501
PU24BT007,LIFE502
PU24BT007,BT501
PU24BT007,OE501
PU24BT007,BT101
PU23BT008,MGT701
PU23BT008,LIFE701
PU23BT008,LIFE702
PU23BT008,BT701
PU23BT008,OE702
PU26BT009,MAT101
PU26BT009,PHY101
PU26BT009,CHY101
PU26BT009,PRG101
PU26BT009,ENG101
PU26BT009,BT101
PU25BT010,MAT301
PU25BT010,LIFE301
PU25BT010,LIFE302
PU25BT010,BT301
PU25BT010,OE301
PU24BT011,HSS501
PU24BT011,LIFE501
PU24BT011,LIFE502
PU24BT011,BT501
PU24BT011,OE504
PU23BT012,MGT701
PU23BT012,LIFE701
PU23BT012,LIFE702
PU23BT012,BT701
PU23BT012,OE704
PU26BT013,MAT101
PU26BT013,PHY101
PU26BT013,CHY101
PU26BT013,PRG101
PU26BT013,ENG101
PU26BT013,BT101
PU25BT014,MAT301
PU25BT014,LIFE301
PU25BT014,LIFE302
PU25BT014,BT301
PU25BT014,OE302
PU24BT015,HSS501
PU24BT015,LIFE501
PU24BT015,LIFE502
PU24BT015,BT501
PU24BT015,OE504
PU23BT016,MGT701
PU23BT016,LIFE701
PU23BT016,LIFE702
PU23BT016,BT701
PU23BT016,OE702
PU26BT017,MAT101
PU26BT017,PHY101
PU26BT017,CHY101
PU26BT017,PRG101
PU26BT017,ENG101
PU26BT017,BT101
PU25BT018,MAT301
PU25BT018,LIFE301
PU25BT018,LIFE302
PU25BT018,BT301
PU25BT018,OE303
PU24BT019,HSS501
PU24BT019,LIFE501
PU24BT019,LIFE502
PU24BT019,BT501
PU24BT019,OE505
PU23BT020,MGT701
PU23BT020,LIFE701
PU23BT020,LIFE702
PU23BT020,BT701
PU23BT020,OE705
PU26BT021,MAT101
PU26BT021,PHY101
PU26BT021,CHY101
PU26BT021,PRG101
PU26BT021,ENG101
PU26BT021,BT101
PU25BT022,MAT301
PU25BT022,LIFE301
PU25BT022,LIFE302
PU25BT022,BT301
PU25BT022,OE301
PU24BT023,HSS501
PU24BT023,LIFE501
PU24BT023,LIFE502
PU24BT023,BT501
PU24BT023,OE505
PU23BT024,MGT701
PU23BT024,LIFE701
PU23BT024,LIFE702
PU23BT024,BT701
PU23BT024,OE701
PU26BT025,MAT101
PU26BT025,PHY101
PU26BT025,CHY101
PU26BT025,PRG101
PU26BT025,ENG101
PU26BT025,BT101
PU26CHE001,MAT101
PU26CHE001,PHY101
PU26CHE001,CHY101
PU26CHE001,PRG101
PU26CHE001,ENG101
PU26CHE001,CHE101
PU25CHE002,MAT301
PU25CHE002,LIFE301
PU25CHE002,LIFE302
PU25CHE002,CHE301
PU25CHE002,OE304
PU24CHE003,HSS501
PU24CHE003,LIFE501
PU24CHE003,LIFE502
PU24CHE003,CHE501
PU24CHE003,OE504
PU23CHE004,MGT701
PU23CHE004,LIFE701
PU23CHE004,LIFE702
PU23CHE004,CHE701
PU23CHE004,OE705
PU26CHE005,MAT101
PU26CHE005,PHY101
PU26CHE005,CHY101
PU26CHE005,PRG101
PU26CHE005,ENG101
PU26CHE005,CHE101
PU25CHE006,MAT301
PU25CHE006,LIFE301
PU25CHE006,LIFE302
PU25CHE006,CHE301
PU25CHE006,OE303
PU24CHE007,HSS501
PU24CHE007,LIFE501
PU24CHE007,LIFE502
PU24CHE007,CHE501
PU24CHE007,OE505
PU23CHE008,MGT701
PU23CHE008,LIFE701
PU23CHE008,LIFE702
PU23CHE008,CHE701
PU23CHE008,OE705
PU26CHE009,MAT101
PU26CHE009,PHY101
PU26CHE009,CHY101
PU26CHE009,PRG101
PU26CHE009,ENG101
PU26CHE009,CHE101
PU25CHE010,MAT301
PU25CHE010,LIFE301
PU25CHE010,LIFE302
PU25CHE010,CHE301
PU25CHE010,OE302
PU24CHE011,HSS501
PU24CHE011,LIFE501
PU24CHE011,LIFE502
PU24CHE011,CHE501
PU24CHE011,OE504
PU23CHE012,MGT701
PU23CHE012,LIFE701
PU23CHE012,LIFE702
PU23CHE012,CHE701
PU23CHE012,OE704
PU26CHE013,MAT101
PU26CHE013,PHY101
PU26CHE013,CHY101
PU26CHE013,PRG101
PU26CHE013,ENG101
PU26CHE013,CHE101
PU25CHE014,MAT301
PU25CHE014,LIFE301
PU25CHE014,LIFE302
PU25CHE014,CHE301
PU25CHE014,OE306
PU24CHE015,HSS501
PU24CHE015,LIFE501
PU24CHE015,LIFE502
PU24CHE015,CHE501
PU24CHE015,OE501
PU23CHE016,MGT701
PU23CHE016,LIFE701
PU23CHE016,LIFE702
PU23CHE016,CHE701
PU23CHE016,OE706
PU26CHE017,MAT101
PU26CHE017,PHY101
PU26CHE017,CHY101
PU26CHE017,PRG101
PU26CHE017,ENG101
PU26CHE017,CHE101
PU25CHE018,MAT301
PU25CHE018,LIFE301
PU25CHE018,LIFE302
PU25CHE018,CHE301
PU25CHE018,OE302
PU24CHE019,HSS501
PU24CHE019,LIFE501
PU24CHE019,LIFE502
PU24CHE019,CHE501
PU24CHE019,OE504
PU23CHE020,MGT701
PU23CHE020,LIFE701
PU23CHE020,LIFE702
PU23CHE020,CHE701
PU23CHE020,OE706
PU26CHE021,MAT101
PU26CHE021,PHY101
PU26CHE021,CHY101
PU26CHE021,PRG101
PU26CHE021,ENG101
PU26CHE021,CHE101
PU25CHE022,MAT301
PU25CHE022,LIFE301
PU25CHE022,LIFE302
PU25CHE022,CHE301
PU25CHE022,OE305
PU24CHE023,HSS501
PU24CHE023,LIFE501
PU24CHE023,LIFE502
PU24CHE023,CHE501
PU24CHE023,OE504
PU24CHE023,MAT101
PU23CHE024,MGT701
PU23CHE024,LIFE701
PU23CHE024,LIFE702
PU23CHE024,CHE701
PU23CHE024,OE704
PU26CHE025,MAT101
PU26CHE025,PHY101
PU26CHE025,CHY101
PU26CHE025,PRG101
PU26CHE025,ENG101
PU26CHE025,CHE101
