hall_name,total_rows,total_columns
A-01,8,8
A-02,8,8
A-03,8,8
A-04,8,8
A-05,8,8
A-06,8,8
A-07,8,8
A-08,8,8
A-09,8,8
A-10,8,8
A-11,8,8
A-12,8,8
B-01,8,8
B-02,8,8
B-03,8,8
B-04,8,8
B-05,8,8
B-06,8,8
B-07,8,8
B-08,8,8
B-09,8,8
B-10,8,8
B-11,8,8
B-12,8,8
C-01,6,8
C-02,6,8
C-03,6,8
C-04,6,8
C-05,6,8
C-06,6,8
C-07,6,8
C-08,6,8
C-09,6,8
C-10,6,8
C-11,6,8
C-12,6,8
D-01,6,8
D-02,6,8
D-03,6,8
D-04,6,8
D-05,6,8
D-06,6,8
D-07,6,8
D-08,6,8
D-09,6,8
D-10,6,8
D-11,6,8
D-12,6,8
E-01,5,6
E-02,5,6
E-03,5,6
E-04,5,6
E-05,5,6
E-06,5,6
E-07,5,6
E-08,5,6
E-09,5,6
E-10,5,6
E-11,5,6
E-12,5,6
E-13,5,6
E-14,5,6
E-15,5,6
E-16,5,6
